Date,Open DM,High DM,Low DM,Close DM,Adj CloseDM,Volume DM,Open AI,High AI,Low AI,Close AI,Adj Close AI,Volume AI,,,,
26-07-2021,3410,3499.5,3398.300049,3483.550049,3483.550049,319728,545,553.849976,542.099976,544.049988,544.049988,5118493,,,,
27-07-2021,3499,3533.399902,3465.25,3499.399902,3499.399902,286345,545.799988,545.799988,536.150024,540.549988,540.549988,5727485,,,,
28-07-2021,3499,3518.199951,3441.100098,3488.5,3488.5,172832,539.5,570.700012,537.849976,567.900024,567.900024,31932505,,,,
29-07-2021,3500,3524,3492.25,3502.600098,3502.600098,131747,574.099976,576.700012,565,567.150024,567.150024,15552340,,,,
30-07-2021,3524,3524,3475.25,3500.800049,3500.800049,270545,565.900024,568.5,557.799988,561.650024,561.650024,9938812,,,,
02-08-2021,3524.800049,3524.800049,3486,3502.399902,3502.399902,147600,566,569.950012,560,565.150024,565.150024,6254864,,,,
03-08-2021,3508,3579,3504,3566.25,3566.25,224336,568,582,562.099976,580.200012,580.200012,21280806,,,,
04-08-2021,3575,3609,3535.850098,3593.050049,3593.050049,197380,575,586.900024,570.299988,574.400024,574.400024,21414510,,,,
05-08-2021,3600,3624.449951,3551,3564.149902,3564.149902,117492,577.5,619,577.5,598.700012,598.700012,71088770,,,,
06-08-2021,3569,3593,3520,3529.199951,3529.199951,128769,594.5,616.950012,588.5,607.900024,607.900024,28520160,,,,
09-08-2021,3549,3577.649902,3501,3523,3523,254763,610,612.700012,597.549988,599.25,599.25,9892910,,,,
10-08-2021,3541,3586.550049,3515,3551.649902,3551.649902,162584,602.200012,628,598.400024,622.200012,622.200012,33878294,,,,
11-08-2021,3551.649902,3575,3465,3563.949951,3563.949951,167988,622.200012,629.25,613.700012,620.849976,620.849976,18386089,,,,
12-08-2021,3573.800049,3589,3546.600098,3561,3561,114737,623,628.950012,617,623.150024,623.150024,8274954,,,,
13-08-2021,3584,3634.449951,3518,3594.550049,3594.550049,292706,623.150024,638.799988,618.099976,637.049988,637.049988,20690579,,,,
16-08-2021,3594,3659,3566.300049,3633.5,3633.5,180469,638.75,644,632,634.049988,634.049988,10312706,,,,
17-08-2021,3655,3655,3604,3634.350098,3634.350098,201361,634.049988,638,623,626.349976,626.349976,11102775,,,,
18-08-2021,3640,3668.25,3626.149902,3650.600098,3650.600098,147888,625.900024,634,620.849976,622.950012,622.950012,7005347,,,,
20-08-2021,3650,3707.149902,3618,3643.100098,3643.100098,232756,619.5,633,607,613.700012,613.700012,12534832,,,,
23-08-2021,3663,3700,3644,3673.75,3673.75,163347,618.400024,630.5,607.599976,622.650024,622.650024,12554898,,,,
24-08-2021,3700,3770,3680,3708.550049,3708.550049,343937,627.950012,627.950012,617.049988,620.099976,620.099976,5776595,,,,
25-08-2021,3749.949951,3847.449951,3716.149902,3789.699951,3789.699951,332203,622.349976,622.349976,611,612.450012,612.450012,7977884,,,,
26-08-2021,3814,3889.800049,3800.050049,3847.800049,3847.800049,532719,610,611.5,584.299988,586.900024,586.900024,25831904,,,,
27-08-2021,3887,3898,3815,3833.050049,3833.050049,349704,588.799988,605.400024,585.049988,595.150024,595.150024,16141223,,,,
30-08-2021,3862,3899,3835.300049,3888.350098,3888.350098,267923,596,625,590.099976,620.450012,620.450012,39759785,,,,
31-08-2021,3899,3979.75,3871.149902,3954.800049,3954.800049,378858,626.049988,668.099976,625,664.049988,664.049988,59661820,,,,
01-09-2021,3978,4015,3960.050049,3968.600098,3968.600098,249485,668,673.299988,654,666.400024,666.400024,30228814,,,,
02-09-2021,3979,3984.449951,3911,3917.649902,3917.649902,206216,669.950012,673.75,664.049988,666.5,666.5,18601857,,,,
03-09-2021,3940,3961.699951,3925.050049,3938.899902,3938.899902,262989,668,669.599976,654,658.450012,658.450012,7774350,,,,
06-09-2021,3959.899902,3960,3902.199951,3921.300049,3921.300049,227165,664.400024,665.75,653.400024,654.599976,654.599976,10035041,,,,
07-09-2021,3938,3963.699951,3875.100098,3937.550049,3937.550049,357260,657.950012,680.5,648,670.549988,670.549988,27665704,,,,
08-09-2021,3945,3977,3921.100098,3932.949951,3932.949951,462531,678,683.799988,665,667.849976,667.849976,20492200,,,,
09-09-2021,3934,3964,3908,3950.5,3950.5,154864,667.849976,688.200012,667.049988,686.150024,686.150024,19419892,,,,
13-09-2021,3951,3986.149902,3948.100098,3961.850098,3961.850098,145925,692,697,685.849976,693.299988,693.299988,19341527,,,,
14-09-2021,3970,4000,3964.899902,3979.699951,3979.699951,203689,682.191833,686.805237,676.400574,681.406616,681.406616,11694600,,,,
15-09-2021,3979.899902,3992.199951,3961,3982.600098,3982.600098,339798,684.154968,721.405579,683.320679,712.129761,712.129761,56796797,,,,
16-09-2021,3982.600098,4100,3981.050049,4084.5,4084.5,486429,721.454712,723.417847,702.215881,705.356934,705.356934,45001991,,,,
17-09-2021,4124,4294.649902,4120,4239.649902,4239.649902,767511,707.712708,721.20929,707.712708,714.730896,714.730896,26649321,,,,
20-09-2021,4208,4430,4151,4355.899902,4355.899902,438432,711.638977,720.17865,707.025574,711.589905,711.589905,14330899,,,,
21-09-2021,4415.100098,4450,4305.049805,4361.950195,4361.950195,437837,709.577698,727.098694,708.694275,713.258545,713.258545,14216876,,,,
22-09-2021,4373,4420,4331.200195,4378.649902,4378.649902,243996,713.602112,718.559082,710.755554,713.35675,713.35675,16348622,,,,
23-09-2021,4408.950195,4500,4372.350098,4409.899902,4409.899902,325049,719.884155,726.460693,709.872131,713.405823,713.405823,26497345,,,,
24-09-2021,4440,4461,4405,4422.350098,4422.350098,198742,715.614319,739.122986,714.583679,725.773621,725.773621,72175065,,,,
27-09-2021,4435,4448.950195,4292.5,4385.75,4385.75,555192,731,731.900024,718.150024,722.549988,722.549988,11282248,,,,
28-09-2021,4397,4421.899902,4294.950195,4315.75,4315.75,305671,724.400024,726.799988,686,696.150024,696.150024,21944239,,,,
29-09-2021,4316,4395.950195,4202,4251.200195,4251.200195,377254,697,702,689.150024,694.099976,694.099976,16729859,,,,
30-09-2021,4259.75,4310,4205.25,4250.200195,4250.200195,339960,695.799988,709.799988,686.799988,688.299988,688.299988,13911568,,,,
01-10-2021,4250,4284.200195,4220.100098,4235.600098,4235.600098,203932,687.349976,687.349976,667.650024,675.900024,675.900024,14952128,,,,
04-10-2021,4393.950195,4464.350098,4232.200195,4257.350098,4257.350098,906261,675,686.200012,669.700012,681.400024,681.400024,8917898,,,,
05-10-2021,4284,4284,4246.850098,4257.299805,4257.299805,242566,684.400024,703.450012,680.400024,699.25,699.25,25598885,,,,
06-10-2021,4292.149902,4295,4205,4218.549805,4218.549805,301394,705.75,707.950012,688.200012,691.400024,691.400024,10406502,,,,
07-10-2021,4254.950195,4337,4251,4311.700195,4311.700195,570321,695.75,702.200012,691.299988,692.5,692.5,8121590,,,,
08-10-2021,4326.399902,4421.950195,4299.049805,4407.950195,4407.950195,314758,695.150024,699.549988,688.900024,695.5,695.5,6297352,,,,
11-10-2021,4438,4840,4407,4719.450195,4719.450195,1017160,693.099976,696.049988,685,690.849976,690.849976,8792050,,,,
12-10-2021,4780,4895,4718.850098,4739,4739,817027,691,698.400024,684.200012,686.349976,686.349976,8579567,,,,
13-10-2021,4777,5595,4760.25,5117.149902,5117.149902,2593684,689,696.799988,683.099976,689.900024,689.900024,7062149,,,,
14-10-2021,5194,5420,5180.049805,5323.75,5323.75,1187904,693,694,681.849976,685.799988,685.799988,9820591,,,,
18-10-2021,5599,5900,4851.100098,4897.799805,4897.799805,4748382,700,701.950012,679.650024,680.599976,680.599976,8574445,,,,
19-10-2021,5000,5100,4725,4754.549805,4754.549805,1804742,699,699,675.450012,681.099976,681.099976,7328862,,,,
20-10-2021,4789,4860,4470.25,4596.399902,4596.399902,1677557,683.400024,713.900024,681.400024,708.450012,708.450012,21217306,,,,
21-10-2021,4650,4699.5,4500,4521.25,4521.25,1028678,710.950012,712.349976,689.200012,696.049988,696.049988,8908979,,,,
22-10-2021,4559,4560,4482,4521.450195,4521.450195,739603,698.5,705.299988,684.25,694.5,694.5,6587256,,,,
25-10-2021,4534.299805,4550,4351,4400.600098,4400.600098,591416,693,704,675,691.099976,691.099976,9540441,,,,
26-10-2021,4419,4599,4365,4568.5,4568.5,637834,695,709.849976,689,696.200012,696.200012,10953878,,,,
27-10-2021,4600,4770,4591.549805,4733,4733,762605,699.400024,714.650024,694,702.349976,702.349976,11878571,,,,
28-10-2021,4748,4776.850098,4620,4675.649902,4675.649902,375073,702.75,706.049988,684.400024,689.75,689.75,8884507,,,,
29-10-2021,4669,4725,4561.149902,4635.450195,4635.450195,437818,692.200012,701,677.049988,685.349976,685.349976,8602343,,,,
01-11-2021,4670,4708,4550,4564.75,4564.75,392446,689.950012,722.799988,689.599976,712.5,712.5,17121001,,,,
02-11-2021,4596.700195,4666.799805,4580,4597.049805,4597.049805,304774,712.5,723.099976,709.549988,713.950012,713.950012,7725455,,,,
03-11-2021,4644,4790,4600,4741.299805,4741.299805,462222,725.75,732.5,696,699.099976,699.099976,23261507,,,,
04-11-2021,4780,4824.799805,4760.049805,4783.700195,4783.700195,136777,704,704.799988,699.200012,701.099976,701.099976,1064714,,,,
08-11-2021,4783,4867.299805,4720,4748.5,4748.5,340161,707.450012,714.900024,704,709,709,7565546,,,,
09-11-2021,4748,4774.299805,4723.700195,4757.149902,4757.149902,180363,711.700012,716.450012,705.150024,713.200012,713.200012,5278131,,,,
10-11-2021,4745,5000,4726,4960.299805,4960.299805,1128493,717.5,738,707.349976,735.450012,735.450012,15180490,,,,
11-11-2021,4960.299805,5040,4901.149902,4997.75,4997.75,735028,735,738.599976,724.25,728.599976,728.599976,7421118,,,,
12-11-2021,5044.950195,5097.649902,5026.950195,5078.549805,5078.549805,487061,733,745,725.25,743.5,743.5,9207508,,,,
15-11-2021,5075,5075,4980,5023.299805,5023.299805,324397,740,746,736.200012,737.549988,737.549988,5454742,,,,
16-11-2021,5025,5100,4982,5081.5,5081.5,538836,741.349976,742.049988,727.049988,730.299988,730.299988,4639931,,,,
17-11-2021,5080,5180,5079.75,5126.399902,5126.399902,447914,724.549988,732.349976,716.25,720.049988,720.049988,8002927,,,,
18-11-2021,5130,5180,5037,5080.899902,5080.899902,428372,720.599976,723.450012,708,714.349976,714.349976,4469597,,,,
22-11-2021,5100,5100,4782,4828.299805,4828.299805,650655,740,755.950012,733.099976,742.099976,742.099976,36884348,,,,
23-11-2021,4829,4920,4758.149902,4843.299805,4843.299805,580934,745,761,735.700012,758.900024,758.900024,18240414,,,,
24-11-2021,4876,4958.950195,4850.049805,4882.600098,4882.600098,483901,764,781.799988,756.25,758.900024,758.900024,21653712,,,,
25-11-2021,4930,4930,4854.649902,4894.5,4894.5,364378,759.049988,768.5,752.799988,765.150024,765.150024,8483653,,,,
26-11-2021,4860,4860,4700.100098,4718.75,4718.75,518551,763,763,733.099976,738.75,738.75,11142921,,,,
29-11-2021,4687,4721,4455,4673.350098,4673.350098,609710,752,755,727.099976,739.349976,739.349976,15885643,,,,
30-11-2021,4673.399902,4800,4661,4710.899902,4710.899902,790479,740,750.200012,722.650024,728.25,728.25,14272616,,,,
01-12-2021,4750,4848,4666,4693.700195,4693.700195,374830,733,737.400024,718.25,722.25,722.25,10488561,,,,
02-12-2021,4750,4794.549805,4718.450195,4782.950195,4782.950195,351343,723.900024,735.700012,714.150024,732.549988,732.549988,11507427,,,,
03-12-2021,4799,4850,4775,4799.049805,4799.049805,287731,730,734.650024,716.299988,718.349976,718.349976,11024093,,,,
06-12-2021,4820,4821.950195,4580,4593.450195,4593.450195,466595,718,721.900024,693.849976,697.599976,697.599976,8804487,,,,
07-12-2021,4674.700195,4719,4611,4660.649902,4660.649902,435517,702.349976,705.700012,694.099976,698.849976,698.849976,10238693,,,,
08-12-2021,4708.200195,4842,4708.200195,4814.600098,4814.600098,763280,705,719,702.299988,715.150024,715.150024,8296393,,,,
09-12-2021,4822,4878.399902,4777,4821.200195,4821.200195,316687,716.799988,723.950012,711,713.950012,713.950012,9069515,,,,
10-12-2021,4798,4809.700195,4775.5,4796.600098,4796.600098,173574,711,718.900024,707,710.700012,710.700012,4251339,,,,
13-12-2021,4830,4870,4750,4765.799805,4765.799805,283323,715,718.400024,698.349976,703.099976,703.099976,9896899,,,,
14-12-2021,4764.75,4840,4714.100098,4814.399902,4814.399902,352396,701,706.299988,688.400024,691.599976,691.599976,9275631,,,,
15-12-2021,4799.899902,4814.25,4740,4749.450195,4749.450195,410084,691.75,694.900024,684.099976,685.450012,685.450012,7674319,,,,
16-12-2021,4801,4815.149902,4726.149902,4742.100098,4742.100098,243570,689.900024,689.900024,677.599976,681.400024,681.400024,9633006,,,,
17-12-2021,4771,4791.25,4672.149902,4697.799805,4697.799805,454824,681,685.700012,661.099976,666.049988,666.049988,13850460,,,,
20-12-2021,4669,4690,4552.25,4618.950195,4618.950195,310441,659.150024,661.150024,645.099976,658.25,658.25,11812939,,,,
21-12-2021,4612.5,4677,4571.049805,4587.399902,4587.399902,312536,663.950012,670.900024,659.200012,667,667,8084499,,,,
22-12-2021,4627.950195,4695.5,4587.399902,4655.850098,4655.850098,338380,667,686,667,684.75,684.75,8522226,,,,
23-12-2021,4711.25,4711.25,4631.399902,4647.899902,4647.899902,204211,689,689,675.5,678.75,678.75,5602466,,,,
24-12-2021,4674,4674,4615,4628.899902,4628.899902,122078,682.099976,682.849976,672.650024,677.049988,677.049988,3756020,,,,
27-12-2021,4599,4680,4555.25,4668.649902,4668.649902,294366,674.950012,678.349976,668.650024,675.75,675.75,3658572,,,,
28-12-2021,4680,4760.950195,4645,4721.950195,4721.950195,320963,679.849976,683.5,675.049988,680.049988,680.049988,3892590,,,,
29-12-2021,4739,4748.700195,4675,4683.950195,4683.950195,176720,679.950012,683.5,675,676.849976,676.849976,3847574,,,,
30-12-2021,4677.5,4699,4625,4639.350098,4639.350098,195753,677.5,685.799988,674.200012,679.349976,679.349976,5701612,,,,
31-12-2021,4641,4692.75,4636,4671.450195,4671.450195,172788,680.5,694.099976,680,683.799988,683.799988,4598628,,,,
03-01-2022,4770,4799,4701.200195,4711.5,4711.5,534384,687.799988,692.599976,683.099976,691.299988,691.299988,2939833,,,,
04-01-2022,4758.899902,4758.899902,4685,4726.950195,4726.950195,242287,692.25,703.25,690.400024,697.450012,697.450012,6473875,,,,
05-01-2022,4725,4725,4646,4687.399902,4687.399902,287948,700.900024,702.75,691.75,700,700,4586105,,,,
06-01-2022,4669.100098,4716,4642.649902,4705.649902,4705.649902,361505,702,720.5,700,710.400024,710.400024,21642414,,,,
07-01-2022,4715,4748,4696.149902,4731.350098,4731.350098,301517,713.900024,715.150024,701.450012,704.700012,704.700012,4315015,,,,
10-01-2022,4784.899902,4784.899902,4620,4633.549805,4633.549805,1037618,705.400024,711.349976,703.650024,704.950012,704.950012,3565324,,,,
11-01-2022,4649,4654.899902,4499,4504.899902,4504.899902,791417,703,709.549988,694.599976,703.450012,703.450012,10642484,,,,
12-01-2022,4500,4500,4165.299805,4276.100098,4276.100098,2521043,707.950012,732.700012,704.200012,730.200012,730.200012,12366953,,,,
13-01-2022,4276,4354.450195,4221.600098,4254.600098,4254.600098,1090010,729,735.650024,726.150024,731.799988,731.799988,5829874,,,,
14-01-2022,4266,4344.450195,4256.149902,4322.700195,4322.700195,896929,729.950012,730.900024,718.450012,720.599976,720.599976,5344096,,,,
17-01-2022,4365,4414,4290.450195,4400.5,4400.5,870335,720,734.75,719.549988,728.599976,728.599976,4340924,,,,
18-01-2022,4425,4500,4381,4441.149902,4441.149902,940894,727,730.700012,712.549988,714.349976,714.349976,4312058,,,,
19-01-2022,4459,4505,4365,4483.399902,4483.399902,579886,714,715,701.700012,703.700012,703.700012,5879490,,,,
20-01-2022,4517,4517,4462.350098,4483.549805,4483.549805,350124,706,719.650024,705.25,715.400024,715.400024,4812496,,,,
21-01-2022,4410,4435.450195,4281,4299.799805,4299.799805,606584,709.599976,714,689.349976,695.25,695.25,6704622,,,,
24-01-2022,4300,4316.899902,3978,4035.300049,4035.300049,1126974,690.299988,707,677.349976,689.900024,689.900024,11091633,,,,
25-01-2022,4025,4120,3881.25,4095.449951,4095.449951,810518,684,720.450012,682.150024,711.849976,711.849976,14128764,,,,
27-01-2022,4040,4144.100098,3994.949951,4063.300049,4063.300049,675652,706.5,716,701.5,707.25,707.25,8937312,,,,
28-01-2022,4130,4150.899902,4046,4076,4076,582484,714.900024,754,701.650024,715.799988,715.799988,21450677,,,,
31-01-2022,4140,4171,4092,4114.350098,4114.350098,478099,728,735,719.549988,729.299988,729.299988,10745370,,,,
01-02-2022,4133.200195,4278,4092,4225.600098,4225.600098,321735,733,735,718.299988,723.049988,723.049988,4814511,,,,
02-02-2022,4274.299805,4275,4211,4236.649902,4236.649902,249200,726.099976,731.75,720.5,725.049988,725.049988,3286577,,,,
03-02-2022,4231.049805,4235,4122.350098,4140,4140,337719,726,729,718.5,721.650024,721.650024,3651578,,,,
04-02-2022,4140,4140.200195,4075,4081.899902,4081.899902,299981,721.099976,723.25,716.5,720.200012,720.200012,3284198,,,,
07-02-2022,4090,4146.799805,4045.199951,4073.550049,4073.550049,288091,718,720.099976,699.5,706.5,706.5,6833983,,,,
08-02-2022,4098.899902,4128.950195,3995,4015,4015,456874,711.200012,714.700012,701,708.900024,708.900024,7167684,,,,
09-02-2022,4078.699951,4078.699951,3983,4002.100098,4002.100098,380364,707.099976,726.099976,702.150024,719.349976,719.349976,10185173,,,,
10-02-2022,4034.100098,4182,4001,4162.700195,4162.700195,699250,722.950012,726.950012,708.599976,724.049988,724.049988,6074014,,,,
11-02-2022,4138,4157,4080.100098,4142.25,4142.25,336884,721.700012,725.400024,710.900024,715.150024,715.150024,5646980,,,,
14-02-2022,4015,4125,3958.050049,3979.75,3979.75,466101,704,704,685,689.700012,689.700012,7441445,,,,
15-02-2022,4015,4128.899902,3980,4081.75,4081.75,377212,696,713.099976,686.599976,711.549988,711.549988,4650249,,,,
16-02-2022,4139.899902,4155,4035,4051.149902,4051.149902,313236,717.400024,728.200012,708,721.799988,721.799988,5433910,,,,
17-02-2022,4095.600098,4152,4080,4115.399902,4115.399902,357259,724.450012,727.5,715,717,717,5107708,,,,
18-02-2022,4098,4121,4056.050049,4073.100098,4073.100098,169496,712.049988,719.549988,711.349976,712.549988,712.549988,4099366,,,,
21-02-2022,4048,4170,3990,4096.600098,4096.600098,480541,708.049988,716.549988,703,709.950012,709.950012,4307430,,,,
22-02-2022,4001,4179,3990,4157.100098,4157.100098,484781,694.200012,702.5,687.5,699.25,699.25,9148804,,,,
23-02-2022,4165,4217.700195,4135,4193.450195,4193.450195,360454,700.099976,708.950012,699.5,704.400024,704.400024,4124469,,,,
24-02-2022,3993.850098,4131.950195,3947.850098,4014.649902,4014.649902,552288,682,688.549988,645.450012,670.900024,670.900024,14139461,,,,
25-02-2022,4080,4210,4037.649902,4190.75,4190.75,425226,677.5,695.150024,677.5,688.650024,688.650024,6452099,,,,
28-02-2022,4155,4355,4062.100098,4340.350098,4340.350098,647569,681,690,666.450012,686.5,686.5,8301523,,,,
02-03-2022,4299.950195,4446.950195,4270,4295.149902,4295.149902,479507,684,684,666,674.25,674.25,10220908,,,,
03-03-2022,4370,4395,4253.899902,4276.5,4276.5,303425,675,679.799988,668.599976,672.049988,672.049988,6517030,,,,
04-03-2022,4260.200195,4260.200195,4075.050049,4110.200195,4110.200195,437691,665,667.950012,650,653.700012,653.700012,7094874,,,,
07-03-2022,4001,4175,3970.800049,3991.649902,3991.649902,694633,640,679.349976,639,675.400024,675.400024,12615451,,,,
08-03-2022,4016,4160,3992.399902,4124,4124,713004,675,686.849976,667.599976,683,683,8462985,,,,
09-03-2022,4155,4172.899902,4071.100098,4096.700195,4096.700195,395071,682,698,674.299988,691.5,691.5,9896395,,,,
10-03-2022,4210,4239.899902,4142.299805,4168.600098,4168.600098,439778,699.950012,707.5,690.599976,697.75,697.75,5989327,,,,
11-03-2022,4167,4210,4109.25,4198.950195,4198.950195,387534,696.700012,702.400024,691.5,694.849976,694.849976,3353880,,,,
14-03-2022,4190,4218,4150,4168.25,4168.25,305326,688.150024,704.849976,688.150024,700.400024,700.400024,4016137,,,,
15-03-2022,4191,4251,4171.75,4231.049805,4231.049805,560819,699,709.5,695.5,703.099976,703.099976,6006439,,,,
16-03-2022,4229.75,4243.600098,4153,4169.549805,4169.549805,470355,710,715.5,705,712,712,3843706,,,,
17-03-2022,4218,4239,4166.100098,4192.75,4192.75,608024,720,727.950012,715,722.900024,722.900024,8168953,,,,
21-03-2022,4217,4217,4080.600098,4095.199951,4095.199951,370641,722,724.349976,706.799988,708.200012,708.200012,6317305,,,,
22-03-2022,4129,4129,4031,4054,4054,396898,708.5,721,705.849976,719.25,719.25,3000133,,,,
23-03-2022,4085.699951,4119,4064.600098,4091.350098,4091.350098,285639,719.25,719.849976,703,704.950012,704.950012,7974713,,,,
24-03-2022,4086.25,4086.25,4031.550049,4042.850098,4042.850098,374573,698,708.849976,697.849976,706.349976,706.349976,3597143,,,,
25-03-2022,4069,4069,3995,4001.300049,4001.300049,440558,712.299988,714.450012,705.849976,709.349976,709.349976,2930336,,,,
28-03-2022,4005.149902,4021,3975.050049,4010.050049,4010.050049,428027,715.25,737,710.099976,733.049988,733.049988,7960258,,,,
29-03-2022,4010.050049,4037.800049,3985,4006.100098,4006.100098,397614,740.400024,763,737,754.950012,754.950012,15833573,,,,
30-03-2022,4025,4084,3945,3973.399902,3973.399902,580732,762.75,769.900024,744.599976,749.5,749.5,9938988,,,,
31-03-2022,4028,4040,3983.050049,4003.350098,4003.350098,492437,753,759,739.700012,754.950012,754.950012,7371181,,,,
01-04-2022,4013,4093,4000,4082.199951,4082.199951,416596,759.799988,766.650024,749.25,758.5,758.5,5920139,,,,
04-04-2022,4120,4150,4076.149902,4106.649902,4106.649902,438581,757.849976,775,756.200012,767.799988,767.799988,5783224,,,,
05-04-2022,4138.75,4148,4100,4109.700195,4109.700195,277248,767.799988,773.799988,761,766.599976,766.599976,3990794,,,,
06-04-2022,4090,4139.799805,4085.600098,4101.899902,4101.899902,218183,764,780.700012,763,775.650024,775.650024,7490027,,,,
07-04-2022,4099.899902,4244,4092,4159.700195,4159.700195,979784,775,777.849976,759.549988,762.400024,762.400024,5818505,,,,
08-04-2022,4165,4208,4118,4146.25,4146.25,358035,768.349976,768.349976,757.599976,762.099976,762.099976,5583587,,,,
11-04-2022,4136.799805,4200,4130.049805,4171.600098,4171.600098,202944,757,765.200012,756,758.049988,758.049988,4927865,,,,
12-04-2022,4174.950195,4174.950195,4075,4088.699951,4088.699951,228548,759.950012,759.950012,740.099976,741.650024,741.650024,3904026,,,,
13-04-2022,4101,4117.950195,4081.699951,4090.899902,4090.899902,157516,742,756.5,737.950012,740.650024,740.650024,6343030,,,,
18-04-2022,4065,4079,4009,4056,4056,193904,736.650024,740.150024,723.400024,729.5,729.5,8950327,,,,
19-04-2022,4089.899902,4131.899902,3975,4008.899902,4008.899902,222195,739,739,716.849976,723.5,723.5,9957060,,,,
20-04-2022,4026,4065,4000,4054.800049,4054.800049,222817,730.049988,744.5,723.950012,739.349976,739.349976,6632292,,,,
21-04-2022,4075,4080,4015,4030.25,4030.25,209196,743.900024,743.900024,730,735.75,735.75,6111830,,,,
22-04-2022,4028.649902,4060.050049,3995.75,4028.850098,4028.850098,210640,731,740.900024,729,738.75,738.75,5182247,,,,
25-04-2022,4000,4022.350098,3975.050049,3989.199951,3989.199951,204726,729.950012,743,729.150024,739.349976,739.349976,3571031,,,,
26-04-2022,4009.800049,4050,3994.399902,4044.25,4044.25,198101,745,758.900024,739.099976,756.299988,756.299988,4987848,,,,
27-04-2022,4006.100098,4024.350098,3960,3977.699951,3977.699951,169916,750,761.549988,746.400024,752.5,752.5,4571399,,,,
28-04-2022,4023.899902,4054,3995.550049,4024.550049,4024.550049,247751,751,754.299988,744.599976,747.349976,747.349976,6101866,,,,
29-04-2022,4048.899902,4085,3906,3944.25,3944.25,238651,752,761,735.549988,739,739,7219115,,,,
02-05-2022,3939.600098,3997.800049,3889,3983.350098,3983.350098,265831,734,742.950012,730.349976,741.349976,741.349976,3938533,,,,
04-05-2022,4000,4023.949951,3850.199951,3867.149902,3867.149902,270400,737,739.349976,717,722.400024,722.400024,6785271,,,,
05-05-2022,3920,3980,3775,3943.800049,3943.800049,457770,726,733.099976,714.25,718.950012,718.950012,4836692,,,,
06-05-2022,3866,3889.649902,3602.149902,3666.199951,3666.199951,858787,711.25,723.900024,707.75,710.25,710.25,5912312,,,,
09-05-2022,3655,3655,3486,3520.300049,3520.300049,732787,706.099976,720.5,704.450012,711.5,711.5,4819274,,,,
10-05-2022,3501,3545.25,3402.149902,3414.949951,3414.949951,696666,711,728.5,710.150024,719.650024,719.650024,6746893,,,,
11-05-2022,3448,3448,3311.699951,3339.699951,3339.699951,689554,719.650024,735,716.900024,722.849976,722.849976,6919703,,,,
12-05-2022,3310,3334.949951,3241.25,3270.449951,3270.449951,725552,715.25,722.799988,701.25,705.400024,705.400024,6754953,,,,
13-05-2022,3351,3357.75,3205,3230.600098,3230.600098,546754,713,713,684.75,689.900024,689.900024,11938252,,,,
16-05-2022,3260,3620,3186,3561.100098,3561.100098,1871384,685.849976,698,679.650024,693.200012,693.200012,5412233,,,,
17-05-2022,3620,3724,3473.449951,3657,3657,926148,695,710,690.849976,707.049988,707.049988,4847812,,,,
18-05-2022,3700,3781,3650,3664.050049,3664.050049,712472,721,727.150024,689.200012,696.150024,696.150024,18992703,,,,
19-05-2022,3513,3649,3491.5,3614.850098,3614.850098,439658,685,693,667.849976,674.25,674.25,7322668,,,,
20-05-2022,3708.899902,3717.199951,3610,3630.399902,3630.399902,334172,688.5,691.5,683,687.900024,687.900024,5577407,,,,
23-05-2022,3650,3694.5,3552.050049,3574.100098,3574.100098,258246,681.799988,693.900024,679.599976,685.849976,685.849976,3788601,,,,
24-05-2022,3579.949951,3685,3571.199951,3656.75,3656.75,391193,689.25,689.25,675.849976,678.200012,678.200012,4053608,,,,
25-05-2022,3670,3694,3555.649902,3586.449951,3586.449951,224375,681.25,689.900024,679.549988,688.200012,688.200012,4188088,,,,
26-05-2022,3586.449951,3635.699951,3465.300049,3577.449951,3577.449951,279250,690,695.5,675.900024,693.650024,693.650024,5780597,,,,
27-05-2022,3605,3649,3586,3613.850098,3613.850098,199688,697.049988,700,676,684.400024,684.400024,7131633,,,,
30-05-2022,3660,3824.899902,3645,3796.399902,3796.399902,429986,687.450012,703.75,683,699.049988,699.049988,4675033,,,,
31-05-2022,3807.75,4049,3767.899902,3972.800049,3972.800049,1335568,697.5,706.599976,692.599976,700.200012,700.200012,44593174,,,,
01-06-2022,3960,4039,3812.550049,3874.050049,3874.050049,620365,701.549988,706.200012,691.25,694.650024,694.650024,3749781,,,,
02-06-2022,3885,3927.550049,3831.100098,3856.899902,3856.899902,302036,688.900024,696.950012,683.049988,695.950012,695.950012,3466993,,,,
03-06-2022,3888,3888.399902,3768,3820.100098,3820.100098,349881,697.049988,700.799988,685.25,686.5,686.5,6673615,,,,
06-06-2022,3800,3800,3675,3734.75,3734.75,295307,682.200012,689.799988,676.5,682.950012,682.950012,6407024,,,,
07-06-2022,3704,3778.800049,3652.050049,3726.699951,3726.699951,301552,678.150024,687.25,673.299988,685.299988,685.299988,8349903,,,,
08-06-2022,3765,3771,3700,3739.399902,3739.399902,250665,682.5,687.799988,660.450012,663.299988,663.299988,13904149,,,,
09-06-2022,3729.899902,3850,3686.399902,3830.350098,3830.350098,445083,660,679.400024,655.099976,676.349976,676.349976,6774925,,,,
10-06-2022,3790,3838,3735.100098,3755.649902,3755.649902,235985,668,676.450012,668,673.349976,673.349976,3221484,,,,
13-06-2022,3700,3743.600098,3644.399902,3661.600098,3661.600098,252912,660.099976,673.349976,658,671.299988,671.299988,5982102,,,,
14-06-2022,3628,3712.699951,3552.25,3648.300049,3648.300049,424143,669.099976,689.400024,669.099976,682.049988,682.049988,8878530,,,,
15-06-2022,3669.899902,3743.949951,3645.350098,3662.899902,3662.899902,274604,681.950012,685,673.5,682.099976,682.099976,6005970,,,,
16-06-2022,3736,3737.899902,3562,3682.600098,3682.600098,408563,683.099976,683.900024,650,654.200012,654.200012,9525587,,,,
17-06-2022,3670,3673.850098,3413.699951,3460.550049,3460.550049,1104855,656,661.75,638,643.650024,643.650024,11085830,,,,
20-06-2022,3493.449951,3536.699951,3460.550049,3479.100098,3479.100098,222230,644.950012,647.450012,634.200012,640.900024,640.900024,3883001,,,,
21-06-2022,3520,3545,3450,3519.550049,3519.550049,340688,642.099976,658.150024,640.5,654.299988,654.299988,3515991,,,,
22-06-2022,3524.449951,3524.449951,3466.050049,3486.350098,3486.350098,197297,648.599976,650.349976,641.450012,642.849976,642.849976,4348884,,,,
23-06-2022,3487.75,3502.649902,3401,3440.449951,3440.449951,355857,648.150024,664.599976,647.75,660.200012,660.200012,4336533,,,,
24-06-2022,3489.949951,3489.949951,3390.100098,3412,3412,454591,662.099976,675.700012,662.099976,671.200012,671.200012,5621332,,,,
27-06-2022,3460,3460,3400,3408.600098,3408.600098,276838,675,687,671.200012,683.950012,683.950012,5284297,,,,
28-06-2022,3407.550049,3497,3374,3479.949951,3479.949951,440886,683,684.900024,676.299988,681.150024,681.150024,3216376,,,,
29-06-2022,3450.449951,3527,3425,3445.25,3445.25,405633,677,689.099976,675,687.799988,687.799988,5011798,,,,
30-06-2022,3445.199951,3469,3370,3406.100098,3406.100098,384404,689.799988,691.599976,679,684.950012,684.950012,6505666,,,,
01-07-2022,3394.449951,3406.649902,3331.100098,3388.75,3388.75,311228,684.849976,685.799988,666,673.450012,673.450012,4488771,,,,
04-07-2022,3530,3555,3460,3495.5,3495.5,766616,670.5,685.5,666.049988,681.900024,681.900024,4229588,,,,
05-07-2022,3506,3657.649902,3506,3639.050049,3639.050049,859254,683.299988,689.299988,680.049988,684.450012,684.450012,3494504,,,,
06-07-2022,3650,3830,3650,3792,3792,751853,684.5,694.950012,684.200012,693.950012,693.950012,4697006,,,,
07-07-2022,3870,3935.600098,3830,3850.949951,3850.949951,463192,692,696.5,685.450012,686.799988,686.799988,3485283,,,,
08-07-2022,3868.399902,3974,3851.100098,3941.699951,3941.699951,568785,688,696.599976,686.650024,695.150024,695.150024,2732170,,,,
11-07-2022,4000,4087.850098,3892,3986.850098,3986.850098,2331905,675,681,658.950012,660.549988,660.549988,18687521,,,,
12-07-2022,3986.5,3986.850098,3855,3878.399902,3878.399902,569128,663.25,666.900024,660,663,663,7416645,,,,
13-07-2022,3900,3944,3870,3883.350098,3883.350098,423704,670,670,641,643.5,643.5,12030163,,,,
14-07-2022,3913.899902,3944,3884,3924.850098,3924.850098,372526,650,652.200012,628.75,641.650024,641.650024,11379990,,,,
15-07-2022,3925,3939.899902,3888,3926.800049,3926.800049,194371,648.950012,657.5,643.25,651.799988,651.799988,5567877,,,,
18-07-2022,3951,3968,3920,3945.75,3945.75,287481,657,670,649.150024,663.049988,663.049988,8982417,,,,Open DM
19-07-2022,3911,3942,3911,3931.300049,3931.300049,169004,675,677,663.099976,672.900024,672.900024,7836419,,,,Open AI
20-07-2022,3960,3965,3902,3915.449951,3915.449951,251615,680,680,668.200012,670.650024,670.650024,4458819,,,,Close DM
21-07-2022,3930,4059,3920.050049,4035.350098,4035.350098,587934,671.5,679.950012,671.200012,678.349976,678.349976,3550107,,,,Close AI
22-07-2022,4070,4077.899902,3950,3963.399902,3963.399902,457904,679.700012,681.900024,675.200012,678.849976,678.849976,2415220,,,,High DM
,,,,,,,,,,,,,,,,Low AI
,,,,,,,,,,,,,,,,Volume DM
,,,,,,,,,,,,,,,,Volume AI
